[
 {
 "First1" : [
             {
             "innerFirstKey1" : "innerFirstValue1" ,"innerFirstKey2" : ["Final1",{"innerFinal2Key" : "innerFinal2Value"}]
             }
            ],
 "First2" : "FirstValue2",
 "First3" : "FirstValue3"
 },
 
 
 {
 "Second1" : "SecondValue1",
 "Second2" : "SecondValue2",
 "Second3" : "SecondValue3"
 },
 
 
 {
 "Third1" : "ThirdValue1",
 "Third2" : "ThirdValue2",
 "Third3" : "ThirdValue3"
 },
 
 
 {
 "Forth1" : "ForthValue1",
 "Forth2" : "ForthValue2",
 "Forth3" : "ForthValue3"
 }
 ]
